{
  "id": "1b415b92-295b-49f1-bed3-f0ed1ffdc85b",
  "name": "dokanx",
  "values": [
    {
      "key": "WEBHOOK_SECRET",
      "value": "super_secret_key_123",
      "enabled": false,
      "type": "default"
    },
    {
      "key": "webhook_signature",
      "value": "6cd90fd0a4cd3269a75952f0312a532b709fcd495fb9cc1227beb8cf76323570",
      "enabled": false,
      "type": "any"
    },
    {
      "key": "raw_body",
      "value": "",
      "enabled": false,
      "type": "any"
    },
    {
      "key": "orderId",
      "value": "696cdfcfa4d56608f420620e",
      "enabled": false,
      "type": "default"
    }
  ],
  "_postman_variable_scope": "environment"
}